{ "bindings": [
 {"command": "handleTabPrev",
  "sequence": {"keys": {"keyCode": [9],
                        "shiftKey": [true]}
              }},

 {"command": "handleTab",
  "sequence": {"keys": {"keyCode": [9]}
              }},

 {"command": "toggleKeyPrefix",
  "sequence": {"keys": {"ctrlKey": [true],
                        "keyCode": [90]}
              }},

 {"command": "forceClickOnCurrentItem",
  "sequence": {"cvoxModifier": true,
               "keys": {"keyCode": [32]}
              }},

 {"command": "left",
  "sequence": {"cvoxModifier": true,
               "keys": {"keyCode": [37]}
              }},

 {"command": "backward",
  "sequence": {"cvoxModifier": true,
               "keys": {"keyCode": [38]}
              }},

 {"command": "right",
  "sequence": {"cvoxModifier": true,
               "keys": {"keyCode": [39]}
              }},

 {"command": "forward",
  "sequence": {"cvoxModifier": true,
               "keys": {"keyCode": [40]}
              }},

 {"command": "increaseTtsPitch",
  "sequence": {"cvoxModifier": true,
               "keys": {"keyCode": [48]}
              }},

 {"command": "nextHeading1",
  "sequence": {"cvoxModifier": true,
               "keys": {"keyCode": [49]}
              }},

 {"command": "nextHeading2",
  "sequence": {"cvoxModifier": true,
               "keys": {"keyCode": [50]}
              }},

 {"command": "nextHeading3",
  "sequence": {"cvoxModifier": true,
               "keys": {"keyCode": [51]}
              }},

 {"command": "nextHeading4",
  "sequence": {"cvoxModifier": true,
               "keys": {"keyCode": [52]}
              }},

 {"command": "nextHeading5",
  "sequence": {"cvoxModifier": true,
               "keys": {"keyCode": [53]}
              }},

 {"command": "nextHeading6",
  "sequence": {"cvoxModifier": true,
               "keys": {"keyCode": [54]}
              }},

 {"command": "decreaseTtsPitch",
  "sequence": {"cvoxModifier": true,
               "keys": {"keyCode": [57]}
              }},

 {"command": "nextButton",
  "sequence": {"cvoxModifier": true,
               "keys": {"keyCode": [66]}
              }},

 {"command": "nextComboBox",
  "sequence": {"cvoxModifier": true,
               "keys": {"keyCode": [67]}
              }},

 {"command": "nextEditText",
  "sequence": {"cvoxModifier": true,
               "keys": {"keyCode": [69]}
              }},

 {"command": "nextFormField",
  "sequence": {"cvoxModifier": true,
               "keys": {"keyCode": [70]}
              }},

 {"command": "nextHeading",
  "sequence": {"cvoxModifier": true,
               "keys": {"keyCode": [72]}
              }},

 {"command": "nextList",
  "sequence": {"cvoxModifier": true,
               "keys": {"keyCode": [74]}
              }},

 {"command": "nextLink",
  "sequence": {"cvoxModifier": true,
               "keys": {"keyCode": [76]}
              }},

 {"command": "nextListItem",
  "sequence": {"cvoxModifier": true,
               "keys": {"keyCode": [77]}
              }},

 {"command": "readFromHere",
  "sequence": {"cvoxModifier": true,
               "keys": {"keyCode": [82]}
              }},

 {"command": "toggleSearchWidget",
  "sequence": {"cvoxModifier": true,
               "keys": {"keyCode": [83]}
              }},

 {"command": "nextRadio",
  "sequence": {"cvoxModifier": true,
               "keys": {"keyCode": [87]}
              }},

 {"command": "nextCheckbox",
  "sequence": {"cvoxModifier": true,
               "keys": {"keyCode": [88]}
              }},

 {"command": "stopSpeech",
  "sequence": {"keys": {"ctrlKey": [true],
                        "keyCode": [17]}
              }},

 {"command": "skipBackward",
  "sequence": {"keys": {"keyCode": [37]}
              }},

 {"command": "skipForward",
  "sequence": {"keys": {"keyCode": [39]}
              }},

 {"command": "nextLandmark",
  "sequence": {"cvoxModifier": true,
               "keys": {"keyCode": [186]}
              }},

 {"command": "nextGranularity",
  "sequence": {"cvoxModifier": true,
               "keys": {"keyCode": [187]}
              }},

 {"command": "previousGranularity",
  "sequence": {"cvoxModifier": true,
               "keys": {"keyCode": [189]}
              }},

 {"command": "toggleKeyboardHelp",
  "sequence": {"cvoxModifier": true,
               "keys": {"keyCode": [190]}
              }},

 {"command": "help",
  "sequence": {"cvoxModifier": true,
               "keys": {"keyCode": [191]}
              }},

 {"command": "decreaseTtsRate",
  "sequence": {"cvoxModifier": true,
               "keys": {"keyCode": [219]}
              }},

 {"command": "increaseTtsRate",
  "sequence": {"cvoxModifier": true,
               "keys": {"keyCode": [221]}
              }},

 {"command": "toggleChromeVox",
  "sequence": {"cvoxModifier": true,
               "keys": {"keyCode": [65, 65]}
              }},

 {"command": "enableConsoleTts",
  "sequence": {"cvoxModifier": true,
               "keys": {"keyCode": [68, 68]}
              }},

 {"command": "skipToColBeginning",
  "sequence": {"cvoxModifier": true,
               "keys": {"keyCode": [71, 67]}
              }},

 {"command": "announceHeaders",
  "sequence": {"cvoxModifier": true,
               "keys": {"keyCode": [71, 72]}
              }},

 {"command": "speakTableLocation",
  "sequence": {"cvoxModifier": true,
               "keys": {"keyCode": [71, 76]}
              }},

 {"command": "nextTable",
  "sequence": {"cvoxModifier": true,
               "keys": {"keyCode": [71, 84]}
              }},

 {"command": "skipToColEnd",
  "sequence": {"cvoxModifier": true,
               "keys": {"keyCode": [71, 86]}
              }},

 {"command": "readLinkURL",
  "sequence": {"cvoxModifier": true,
               "keys": {"keyCode": [73, 76]}
              }},

 {"command": "readCurrentTitle",
  "sequence": {"cvoxModifier": true,
               "keys": {"keyCode": [73, 84]}
              }},

 {"command": "readCurrentURL",
  "sequence": {"cvoxModifier": true,
               "keys": {"keyCode": [73, 85]}
              }},

 {"command": "showKbExplorerPage",
  "sequence": {"cvoxModifier": true,
               "keys": {"keyCode": [75, 69]}
              }},

 {"command": "showOptionsPage",
  "sequence": {"cvoxModifier": true,
               "keys": {"keyCode": [75, 79]}
              }},

 {"command": "showFormsList",
  "sequence": {"cvoxModifier": true,
               "keys": {"keyCode": [79, 70]}
              }},

 {"command": "showHeadingsList",
  "sequence": {"cvoxModifier": true,
               "keys": {"keyCode": [79, 72]}
              }},

 {"command": "showLinksList",
  "sequence": {"cvoxModifier": true,
               "keys": {"keyCode": [79, 76]}
              }},

 {"command": "showTablesList",
  "sequence": {"cvoxModifier": true,
               "keys": {"keyCode": [79, 84]}
              }},

 {"command": "previousHeading1",
  "sequence": {"cvoxModifier": true,
               "keys": {"keyCode": [80, 49]}
              }},

 {"command": "previousHeading2",
  "sequence": {"cvoxModifier": true,
               "keys": {"keyCode": [80, 50]}
              }},

 {"command": "previousHeading3",
  "sequence": {"cvoxModifier": true,
               "keys": {"keyCode": [80, 51]}
              }},

 {"command": "previousHeading4",
  "sequence": {"cvoxModifier": true,
               "keys": {"keyCode": [80, 52]}
              }},

 {"command": "previousHeading5",
  "sequence": {"cvoxModifier": true,
               "keys": {"keyCode": [80, 53]}
              }},

 {"command": "previousHeading6",
  "sequence": {"cvoxModifier": true,
               "keys": {"keyCode": [80, 54]}
              }},

 {"command": "previousButton",
  "sequence": {"cvoxModifier": true,
               "keys": {"keyCode": [80, 66]}
              }},

 {"command": "previousComboBox",
  "sequence": {"cvoxModifier": true,
               "keys": {"keyCode": [80, 67]}
              }},

 {"command": "previousEditText",
  "sequence": {"cvoxModifier": true,
               "keys": {"keyCode": [80, 69]}
              }},

 {"command": "previousFormField",
  "sequence": {"cvoxModifier": true,
               "keys": {"keyCode": [80, 70]}
              }},

 {"command": "previousHeading",
  "sequence": {"cvoxModifier": true,
               "keys": {"keyCode": [80, 72]}
              }},

 {"command": "previousLink",
  "sequence": {"cvoxModifier": true,
               "keys": {"keyCode": [80, 76]}
              }},

 {"command": "previousListItem",
  "sequence": {"cvoxModifier": true,
               "keys": {"keyCode": [80, 77]}
              }},

 {"command": "previousList",
  "sequence": {"cvoxModifier": true,
               "keys": {"keyCode": [80, 79]}
              }},

 {"command": "previousTable",
  "sequence": {"cvoxModifier": true,
               "keys": {"keyCode": [80, 84]}
              }},

 {"command": "previousRadio",
  "sequence": {"cvoxModifier": true,
               "keys": {"keyCode": [80, 87]}
              }},

 {"command": "previousCheckbox",
  "sequence": {"cvoxModifier": true,
               "keys": {"keyCode": [80, 88]}
              }},

 {"command": "skipToRowBeginning",
  "sequence": {"cvoxModifier": true,
               "keys": {"keyCode": [71, 186]}
              }},

 {"command": "skipToBeginning",
  "sequence": {"cvoxModifier": true,
               "keys": {"keyCode": [71, 219]}
              }},

 {"command": "skipToEnd",
  "sequence": {"cvoxModifier": true,
               "keys": {"keyCode": [71, 221]}
              }},

 {"command": "skipToRowEnd",
  "sequence": {"cvoxModifier": true,
               "keys": {"keyCode": [71, 222]}
              }},

 {"command": "showLandmarksList",
  "sequence": {"cvoxModifier": true,
               "keys": {"keyCode": [79, 186]}
              }},

 {"command": "previousLandmark",
  "sequence": {"cvoxModifier": true,
               "keys": {"keyCode": [80, 186]}
              }}
  ]
}
